date,sales,expenses,profit,year,month,day,day_number
2023-01-01,2149.01,1391.32,757.69,2023,1,1,0
2023-01-02,2067.96,1398.12,669.84,2023,1,2,1
2023-01-03,2408.64,1460.21,948.44,2023,1,3,2
2023-01-04,2767.25,1721.93,1045.33,2023,1,4,3
2023-01-05,2323.26,1737.79,585.48,2023,1,5,4
2023-01-06,2390.19,1780.14,610.05,2023,1,6,5
2023-01-07,2982.2,1791.53,1190.67,2023,1,7,6
2023-01-08,2765.88,2054.42,711.46,2023,1,8,7
2023-01-09,2400.29,1670.29,730.01,2023,1,9,8
2023-01-10,2687.66,1962.49,725.16,2023,1,10,9
2023-01-11,2348.83,1569.52,779.32,2023,1,11,10
2023-01-12,2292.18,1552.59,739.6,2023,1,12,11
2023-01-13,2432.29,1637.73,794.57,2023,1,13,12
2023-01-14,1700.68,1190.53,510.15,2023,1,14,13
2023-01-15,1663.26,1032.8,630.46,2023,1,15,14
2023-01-16,1913.58,1156.75,756.83,2023,1,16,15
2023-01-17,1679.95,1085.56,594.38,2023,1,17,16
2023-01-18,1984.14,1400.21,583.93,2023,1,18,17
2023-01-19,1532.42,965.85,566.57,2023,1,19,18
2023-01-20,1308.94,917.59,391.35,2023,1,20,19
2023-01-21,2116.37,1577.73,538.64,2023,1,21,20
2023-01-22,1571.91,965.29,606.62,2023,1,22,21
2023-01-23,1643.66,1152.02,491.63,2023,1,23,22
2023-01-24,1201.46,800.85,400.61,2023,1,24,23
2023-01-25,1492.78,1090.06,402.72,2023,1,25,24
2023-01-26,1737.38,1088.59,648.78,2023,1,26,25
2023-01-27,1425.73,1003.56,422.17,2023,1,27,26
2023-01-28,1966.9,1427.41,539.49,2023,1,28,27
2023-01-29,1770.0,1312.8,457.21,2023,1,29,28
2023-01-30,1967.59,1382.2,585.38,2023,1,30,29
2023-01-31,1984.02,1338.37,645.65,2023,1,31,30
2023-02-01,2829.66,1960.04,869.62,2023,2,1,31
2023-02-02,2374.82,1734.42,640.4,2023,2,2,32
2023-02-03,2157.57,1479.21,678.36,2023,2,3,33
2023-02-04,2804.81,1695.67,1109.14,2023,2,4,34
2023-02-05,2258.72,1670.64,588.07,2023,2,5,35
2023-02-06,2735.63,1924.32,811.31,2023,2,6,36
2023-02-07,2112.28,1481.72,630.57,2023,2,7,37
2023-02-08,2307.21,1458.97,848.24,2023,2,8,38
2023-02-09,2748.48,1920.73,827.75,2023,2,9,39
2023-02-10,2873.93,1894.15,979.78,2023,2,10,40
2023-02-11,2647.85,1847.36,800.48,2023,2,11,41
2023-02-12,2489.55,1533.53,956.01,2023,2,12,42
2023-02-13,2348.87,1641.1,707.77,2023,2,13,43
2023-02-14,1901.72,1426.12,475.6,2023,2,14,44
2023-02-15,2030.85,1233.2,797.65,2023,2,15,45
2023-02-16,2010.14,1500.72,509.42,2023,2,16,46
2023-02-17,2371.54,1567.67,803.87,2023,2,17,47
2023-02-18,2072.45,1514.16,558.29,2023,2,18,48
2023-02-19,1368.25,981.53,386.73,2023,2,19,49
2023-02-20,1938.44,1327.93,610.51,2023,2,20,50
2023-02-21,1688.65,1200.24,488.41,2023,2,21,51
2023-02-22,1584.85,1159.76,425.09,2023,2,22,52
2023-02-23,1976.92,1305.99,670.92,2023,2,23,53
2023-02-24,2129.93,1382.44,747.49,2023,2,24,54
2023-02-25,2148.02,1503.91,644.11,2023,2,25,55
2023-02-26,1683.79,1214.31,469.48,2023,2,26,56
2023-02-27,1925.96,1375.79,550.16,2023,2,27,57
2023-02-28,2214.11,1593.43,620.68,2023,2,28,58
2023-03-01,2512.29,1671.52,840.77,2023,3,1,59
2023-03-02,2185.32,1579.27,606.04,2023,3,2,60
2023-03-03,2382.81,1472.65,910.16,2023,3,3,61
2023-03-04,2211.5,1507.52,703.98,2023,3,4,62
2023-03-05,2280.55,1370.3,910.25,2023,3,5,63
2023-03-06,2966.34,1924.23,1042.11,2023,3,6,64
2023-03-07,3196.37,2093.53,1102.85,2023,3,7,65
2023-03-08,2815.9,1856.88,959.02,2023,3,8,66
2023-03-09,3165.78,2229.72,936.06,2023,3,9,67
2023-03-10,2978.7,1960.83,1017.87,2023,3,10,68
2023-03-11,2660.42,1775.31,885.11,2023,3,11,69
2023-03-12,2925.34,1859.44,1065.9,2023,3,12,70
2023-03-13,3222.38,2113.84,1108.54,2023,3,13,71
2023-03-14,2678.03,1698.11,979.92,2023,3,14,72
2023-03-15,3073.13,1877.62,1195.51,2023,3,15,73
2023-03-16,1723.88,1190.37,533.51,2023,3,16,74
2023-03-17,2657.91,1861.15,796.76,2023,3,17,75
2023-03-18,2338.98,1620.73,718.24,2023,3,18,76
2023-03-19,2129.23,1425.57,703.66,2023,3,19,77
2023-03-20,2161.42,1419.99,741.44,2023,3,20,78
2023-03-21,1465.43,1069.03,396.4,2023,3,21,79
2023-03-22,1939.84,1314.95,624.9,2023,3,22,80
2023-03-23,2075.85,1394.71,681.13,2023,3,23,81
2023-03-24,2395.83,1446.71,949.12,2023,3,24,82
2023-03-25,1802.47,1173.74,628.72,2023,3,25,83
2023-03-26,1742.62,1144.95,597.67,2023,3,26,84
2023-03-27,1882.64,1242.21,640.43,2023,3,27,85
2023-03-28,2374.71,1631.49,743.22,2023,3,28,86
2023-03-29,2281.88,1551.77,730.11,2023,3,29,87
2023-03-30,2120.34,1465.55,654.79,2023,3,30,88
2023-03-31,2538.14,1814.09,724.05,2023,3,31,89
2023-04-01,2522.72,1821.28,701.45,2023,4,1,90
2023-04-02,2893.64,2047.88,845.76,2023,4,2,91
2023-04-03,2497.32,1856.33,640.99,2023,4,3,92
2023-04-04,2705.65,1630.79,1074.86,2023,4,4,93
2023-04-05,2769.48,1743.02,1026.46,2023,4,5,94
2023-04-06,2514.98,1511.84,1003.14,2023,4,6,95
2023-04-07,3090.87,2154.71,936.16,2023,4,7,96
2023-04-08,3107.57,2283.15,824.42,2023,4,8,97
2023-04-09,3036.27,1932.66,1103.62,2023,4,9,98
2023-04-10,2948.11,2178.82,769.3,2023,4,10,99
2023-04-11,2556.85,1557.22,999.62,2023,4,11,100
2023-04-12,2799.31,2071.95,727.36,2023,4,12,101
2023-04-13,2750.49,1795.37,955.13,2023,4,13,102
2023-04-14,2527.58,1555.0,972.58,2023,4,14,103
2023-04-15,2625.95,1766.95,859.0,2023,4,15,104
2023-04-16,2697.08,1722.13,974.95,2023,4,16,105
2023-04-17,3043.25,1955.99,1087.26,2023,4,17,106
2023-04-18,2435.84,1573.78,862.06,2023,4,18,107
2023-04-19,2375.69,1711.58,664.12,2023,4,19,108
2023-04-20,2203.9,1500.58,703.32,2023,4,20,109
2023-04-21,1594.65,1031.25,563.39,2023,4,21,110
2023-04-22,2125.29,1469.75,655.55,2023,4,22,111
2023-04-23,2135.07,1510.4,624.67,2023,4,23,112
2023-04-24,2861.46,1833.89,1027.57,2023,4,24,113
2023-04-25,2091.99,1384.97,707.03,2023,4,25,114
2023-04-26,2288.16,1414.73,873.43,2023,4,26,115
2023-04-27,2254.21,1413.78,840.43,2023,4,27,116
2023-04-28,1997.19,1402.36,594.83,2023,4,28,117
2023-04-29,2786.64,1747.83,1038.82,2023,4,29,118
2023-04-30,2774.27,1883.11,891.17,2023,4,30,119
2023-05-01,2895.44,2045.22,850.23,2023,5,1,120
2023-05-02,2494.76,1536.85,957.91,2023,5,2,121
2023-05-03,3293.31,2256.24,1037.07,2023,5,3,122
2023-05-04,2547.93,1626.81,921.11,2023,5,4,123
2023-05-05,3227.7,2402.83,824.87,2023,5,5,124
2023-05-06,3775.71,2539.28,1236.42,2023,5,6,125
2023-05-07,2869.41,2068.55,800.86,2023,5,7,126
2023-05-08,3023.9,2063.91,959.98,2023,5,8,127
2023-05-09,3229.17,1958.53,1270.64,2023,5,9,128
2023-05-10,3031.98,2107.14,924.84,2023,5,10,129
2023-05-11,2680.79,1991.05,689.74,2023,5,11,130
2023-05-12,3110.61,2147.07,963.54,2023,5,12,131
2023-05-13,2699.15,1951.16,747.99,2023,5,13,132
2023-05-14,3074.88,2252.75,822.13,2023,5,14,133
2023-05-15,2563.05,1625.51,937.53,2023,5,15,134
2023-05-16,3205.38,2025.18,1180.2,2023,5,16,135
2023-05-17,2406.95,1664.76,742.19,2023,5,17,136
2023-05-18,2451.38,1621.97,829.42,2023,5,18,137
2023-05-19,2707.02,1965.24,741.78,2023,5,19,138
2023-05-20,2021.51,1485.82,535.69,2023,5,20,139
2023-05-21,2403.05,1569.22,833.83,2023,5,21,140
2023-05-22,2689.92,1709.53,980.39,2023,5,22,141
2023-05-23,1799.29,1290.23,509.06,2023,5,23,142
2023-05-24,2342.41,1502.0,840.41,2023,5,24,143
2023-05-25,2392.2,1730.5,661.7,2023,5,25,144
2023-05-26,2596.78,1723.12,873.66,2023,5,26,145
2023-05-27,2058.07,1440.92,617.15,2023,5,27,146
2023-05-28,2116.19,1300.04,816.15,2023,5,28,147
2023-05-29,2764.91,1917.69,847.23,2023,5,29,148
2023-05-30,2802.32,1871.29,931.03,2023,5,30,149
2023-05-31,2897.82,1993.67,904.14,2023,5,31,150
2023-06-01,3036.04,1898.14,1137.9,2023,6,1,151
2023-06-02,2833.0,2012.93,820.07,2023,6,2,152
2023-06-03,3202.69,2336.11,866.59,2023,6,3,153
2023-06-04,3304.1,2089.88,1214.22,2023,6,4,154
2023-06-05,3068.8,1885.34,1183.46,2023,6,5,155
2023-06-06,3890.84,2348.3,1542.54,2023,6,6,156
2023-06-07,3500.47,2437.36,1063.11,2023,6,7,157
2023-06-08,3006.41,2077.63,928.79,2023,6,8,158
2023-06-09,3544.52,2417.38,1127.14,2023,6,9,159
2023-06-10,3018.12,1915.88,1102.24,2023,6,10,160
2023-06-11,3490.7,2299.1,1191.6,2023,6,11,161
2023-06-12,3529.95,2432.74,1097.21,2023,6,12,162
2023-06-13,2851.13,1923.13,928.0,2023,6,13,163
2023-06-14,3292.42,2463.28,829.14,2023,6,14,164
2023-06-15,3028.77,1879.25,1149.52,2023,6,15,165
2023-06-16,3053.08,2150.2,902.88,2023,6,16,166
2023-06-17,3281.57,2167.97,1113.61,2023,6,17,167
2023-06-18,2553.88,1696.36,857.52,2023,6,18,168
2023-06-19,2329.18,1648.22,680.96,2023,6,19,169
2023-06-20,2232.49,1571.37,661.12,2023,6,20,170
2023-06-21,2217.57,1660.27,557.3,2023,6,21,171
2023-06-22,2422.94,1500.43,922.51,2023,6,22,172
2023-06-23,2553.9,1572.22,981.68,2023,6,23,173
2023-06-24,2561.78,1815.4,746.37,2023,6,24,174
2023-06-25,2774.92,1905.7,869.22,2023,6,25,175
2023-06-26,2597.59,1665.38,932.21,2023,6,26,176
2023-06-27,3112.92,1904.83,1208.08,2023,6,27,177
2023-06-28,2693.47,1650.69,1042.78,2023,6,28,178
2023-06-29,3693.81,2711.73,982.08,2023,6,29,179
2023-06-30,3174.9,1996.32,1178.59,2023,6,30,180
2023-07-01,2839.5,1841.43,998.07,2023,7,1,181
2023-07-02,2880.27,1826.09,1054.18,2023,7,2,182
2023-07-03,3442.29,2248.67,1193.62,2023,7,3,183
2023-07-04,3313.67,2022.71,1290.96,2023,7,4,184
2023-07-05,3661.84,2482.21,1179.63,2023,7,5,185
2023-07-06,3637.61,2219.46,1418.15,2023,7,6,186
2023-07-07,3501.01,2520.91,980.09,2023,7,7,187
2023-07-08,3274.3,2079.37,1194.93,2023,7,8,188
2023-07-09,3057.64,2082.26,975.38,2023,7,9,189
2023-07-10,3341.11,2445.73,895.38,2023,7,10,190
2023-07-11,3676.02,2564.51,1111.51,2023,7,11,191
2023-07-12,3411.14,2319.38,1091.76,2023,7,12,192
2023-07-13,2888.15,1873.4,1014.75,2023,7,13,193
2023-07-14,3219.9,2092.77,1127.12,2023,7,14,194
2023-07-15,3185.07,2230.89,954.17,2023,7,15,195
2023-07-16,2705.84,2027.0,678.84,2023,7,16,196
2023-07-17,2923.19,2044.11,879.07,2023,7,17,197
2023-07-18,2809.49,1920.76,888.73,2023,7,18,198
2023-07-19,2376.94,1686.67,690.27,2023,7,19,199
2023-07-20,2771.22,1856.11,915.11,2023,7,20,200
2023-07-21,2795.08,1702.27,1092.82,2023,7,21,201
2023-07-22,2935.52,2008.9,926.61,2023,7,22,202
2023-07-23,2932.23,2180.53,751.69,2023,7,23,203
2023-07-24,2230.0,1396.64,833.36,2023,7,24,204
2023-07-25,2409.95,1695.4,714.55,2023,7,25,205
2023-07-26,2912.74,1835.43,1077.3,2023,7,26,206
2023-07-27,2995.53,2038.08,957.45,2023,7,27,207
2023-07-28,3091.91,1899.99,1191.93,2023,7,28,208
2023-07-29,4198.12,2802.48,1395.64,2023,7,29,209
2023-07-30,3323.0,2370.71,952.29,2023,7,30,210
2023-07-31,3601.85,2348.89,1252.95,2023,7,31,211
2023-08-01,3652.27,2555.63,1096.64,2023,8,1,212
2023-08-02,3657.5,2630.9,1026.6,2023,8,2,213
2023-08-03,3450.67,2550.31,900.36,2023,8,3,214
2023-08-04,3839.86,2439.07,1400.8,2023,8,4,215
2023-08-05,3428.32,2262.34,1165.98,2023,8,5,216
2023-08-06,3616.34,2252.48,1363.86,2023,8,6,217
2023-08-07,3547.26,2656.45,890.82,2023,8,7,218
2023-08-08,3701.19,2735.36,965.82,2023,8,8,219
2023-08-09,4333.99,2951.42,1382.57,2023,8,9,220
2023-08-10,3023.46,2195.95,827.51,2023,8,10,221
2023-08-11,3717.32,2520.88,1196.44,2023,8,11,222
2023-08-12,2942.59,2040.8,901.79,2023,8,12,223
2023-08-13,3190.9,1957.2,1233.7,2023,8,13,224
2023-08-14,3560.69,2539.81,1020.88,2023,8,14,225
2023-08-15,3154.82,1953.33,1201.49,2023,8,15,226
2023-08-16,2718.28,1967.79,750.49,2023,8,16,227
2023-08-17,2741.97,1966.83,775.14,2023,8,17,228
2023-08-18,3088.25,2181.27,906.98,2023,8,18,229
2023-08-19,2609.3,1579.73,1029.57,2023,8,19,230
2023-08-20,2856.32,1843.67,1012.65,2023,8,20,231
2023-08-21,2788.81,1783.35,1005.46,2023,8,21,232
2023-08-22,2585.14,1690.73,894.4,2023,8,22,233
2023-08-23,3451.02,2115.98,1335.04,2023,8,23,234
2023-08-24,3046.01,2255.7,790.31,2023,8,24,235
2023-08-25,2315.22,1581.46,733.76,2023,8,25,236
2023-08-26,3061.86,1977.44,1084.42,2023,8,26,237
2023-08-27,2903.4,1914.93,988.47,2023,8,27,238
2023-08-28,3462.56,2309.81,1152.75,2023,8,28,239
2023-08-29,3078.51,2124.45,954.06,2023,8,29,240
2023-08-30,3391.29,2297.1,1094.19,2023,8,30,241
2023-08-31,3682.1,2717.06,965.05,2023,8,31,242
2023-09-01,3886.34,2621.51,1264.83,2023,9,1,243
2023-09-02,3349.69,2508.33,841.36,2023,9,2,244
2023-09-03,3676.36,2675.33,1001.02,2023,9,3,245
2023-09-04,3682.22,2324.5,1357.72,2023,9,4,246
2023-09-05,3655.92,2703.88,952.04,2023,9,5,247
2023-09-06,4387.04,2708.8,1678.24,2023,9,6,248
2023-09-07,3962.65,2863.48,1099.17,2023,9,7,249
2023-09-08,3425.86,2251.11,1174.75,2023,9,8,250
2023-09-09,4023.53,2944.0,1079.53,2023,9,9,251
2023-09-10,4312.62,3149.11,1163.51,2023,9,10,252
2023-09-11,3900.68,2811.95,1088.72,2023,9,11,253
2023-09-12,3041.2,2185.11,856.08,2023,9,12,254
2023-09-13,3253.27,2100.64,1152.63,2023,9,13,255
2023-09-14,3680.14,2252.75,1427.39,2023,9,14,256
2023-09-15,2993.84,1977.27,1016.57,2023,9,15,257
2023-09-16,3254.24,2037.25,1216.99,2023,9,16,258
2023-09-17,3281.29,2310.83,970.47,2023,9,17,259
2023-09-18,2714.87,1769.86,945.0,2023,9,18,260
2023-09-19,2938.06,2192.79,745.26,2023,9,19,261
2023-09-20,1967.29,1369.52,597.77,2023,9,20,262
2023-09-21,2637.84,1908.14,729.7,2023,9,21,263
2023-09-22,2896.6,1795.54,1101.06,2023,9,22,264
2023-09-23,2646.03,1929.76,716.28,2023,9,23,265
2023-09-24,3577.02,2641.32,935.7,2023,9,24,266
2023-09-25,2741.42,1845.14,896.28,2023,9,25,267
2023-09-26,3134.45,2165.71,968.74,2023,9,26,268
2023-09-27,3410.59,2437.62,972.97,2023,9,27,269
2023-09-28,3913.19,2450.54,1462.65,2023,9,28,270
2023-09-29,3159.49,2133.87,1025.62,2023,9,29,271
2023-09-30,4044.09,2668.29,1375.8,2023,9,30,272
2023-10-01,3794.22,2359.84,1434.38,2023,10,1,273
2023-10-02,3579.86,2345.28,1234.59,2023,10,2,274
2023-10-03,4079.87,2489.64,1590.23,2023,10,3,275
2023-10-04,4048.96,2445.05,1603.91,2023,10,4,276
2023-10-05,3836.39,2379.62,1456.77,2023,10,5,277
2023-10-06,4042.88,3009.79,1033.09,2023,10,6,278
2023-10-07,3890.1,2654.72,1235.38,2023,10,7,279
2023-10-08,4002.72,2981.52,1021.2,2023,10,8,280
2023-10-09,4111.35,2733.53,1377.82,2023,10,9,281
2023-10-10,4316.32,2791.67,1524.64,2023,10,10,282
2023-10-11,3384.13,2287.4,1096.72,2023,10,11,283
2023-10-12,4301.45,2864.45,1437.0,2023,10,12,284
2023-10-13,2977.44,1833.66,1143.79,2023,10,13,285
2023-10-14,3419.06,2380.09,1038.97,2023,10,14,286
2023-10-15,3547.17,2243.25,1303.92,2023,10,15,287
2023-10-16,3369.93,2335.15,1034.78,2023,10,16,288
2023-10-17,3026.63,2111.16,915.46,2023,10,17,289
2023-10-18,3095.04,1927.61,1167.44,2023,10,18,290
2023-10-19,2972.55,1810.88,1161.67,2023,10,19,291
2023-10-20,2927.39,2099.27,828.12,2023,10,20,292
2023-10-21,3364.57,2250.79,1113.77,2023,10,21,293
2023-10-22,3244.01,1974.71,1269.3,2023,10,22,294
2023-10-23,2977.03,2230.48,746.55,2023,10,23,295
2023-10-24,3521.71,2143.55,1378.16,2023,10,24,296
2023-10-25,3427.18,2413.61,1013.57,2023,10,25,297
2023-10-26,3674.86,2747.15,927.71,2023,10,26,298
2023-10-27,3724.79,2368.51,1356.28,2023,10,27,299
2023-10-28,3396.64,2110.46,1286.18,2023,10,28,300
2023-10-29,3586.72,2217.34,1369.38,2023,10,29,301
2023-10-30,4083.86,2636.1,1447.77,2023,10,30,302
2023-10-31,4138.8,2546.01,1592.79,2023,10,31,303
2023-11-01,4032.58,2838.23,1194.35,2023,11,1,304
2023-11-02,4140.97,2523.28,1617.7,2023,11,2,305
2023-11-03,4537.07,3068.94,1468.14,2023,11,3,306
2023-11-04,4003.52,3000.66,1002.86,2023,11,4,307
2023-11-05,4350.6,3141.55,1209.05,2023,11,5,308
2023-11-06,4109.57,2844.98,1264.58,2023,11,6,309
2023-11-07,4067.89,2627.61,1440.29,2023,11,7,310
2023-11-08,4406.87,3056.54,1350.33,2023,11,8,311
2023-11-09,4252.67,2887.8,1364.87,2023,11,9,312
2023-11-10,4164.06,2764.57,1399.49,2023,11,10,313
2023-11-11,4217.72,2613.33,1604.39,2023,11,11,314
2023-11-12,3733.91,2736.92,996.99,2023,11,12,315
2023-11-13,3833.72,2558.88,1274.84,2023,11,13,316
2023-11-14,3442.13,2165.76,1276.36,2023,11,14,317
2023-11-15,3547.42,2324.14,1223.28,2023,11,15,318
2023-11-16,3338.93,2210.77,1128.16,2023,11,16,319
2023-11-17,3351.11,2426.64,924.47,2023,11,17,320
2023-11-18,3463.53,2459.25,1004.28,2023,11,18,321
2023-11-19,3023.27,2162.83,860.44,2023,11,19,322
2023-11-20,3901.94,2347.62,1554.32,2023,11,20,323
2023-11-21,2999.63,1987.03,1012.61,2023,11,21,324
2023-11-22,2985.18,2006.64,978.54,2023,11,22,325
2023-11-23,3763.8,2269.11,1494.68,2023,11,23,326
2023-11-24,3737.02,2387.85,1349.17,2023,11,24,327
2023-11-25,3782.77,2701.06,1081.71,2023,11,25,328
2023-11-26,3888.94,2413.34,1475.59,2023,11,26,329
2023-11-27,3806.2,2589.34,1216.85,2023,11,27,330
2023-11-28,3650.14,2307.91,1342.23,2023,11,28,331
2023-11-29,4046.95,2435.53,1611.42,2023,11,29,332
2023-11-30,3917.07,2491.96,1425.11,2023,11,30,333
2023-12-01,4495.92,3355.67,1140.25,2023,12,1,334
2023-12-02,4226.19,3043.83,1182.36,2023,12,2,335
2023-12-03,4070.66,3028.31,1042.35,2023,12,3,336
2023-12-04,4249.11,2860.41,1388.7,2023,12,4,337
2023-12-05,4474.89,2758.59,1716.3,2023,12,5,338
2023-12-06,4165.64,2841.78,1323.87,2023,12,6,339
2023-12-07,4051.06,2706.74,1344.32,2023,12,7,340
2023-12-08,4314.88,3135.42,1179.46,2023,12,8,341
2023-12-09,4243.07,2608.27,1634.8,2023,12,9,342
2023-12-10,3932.46,2647.47,1284.98,2023,12,10,343
2023-12-11,3849.3,2396.22,1453.08,2023,12,11,344
2023-12-12,3961.75,2570.0,1391.76,2023,12,12,345
2023-12-13,3359.24,2387.09,972.15,2023,12,13,346
2023-12-14,3277.5,2200.52,1076.98,2023,12,14,347
2023-12-15,3399.17,2231.16,1168.01,2023,12,15,348
2023-12-16,3478.47,2292.91,1185.56,2023,12,16,349
2023-12-17,3579.82,2394.6,1185.22,2023,12,17,350
2023-12-18,3892.12,2793.58,1098.54,2023,12,18,351
2023-12-19,3690.57,2708.19,982.38,2023,12,19,352
2023-12-20,3390.77,2520.36,870.41,2023,12,20,353
2023-12-21,3460.27,2484.59,975.67,2023,12,21,354
2023-12-22,3213.21,2079.95,1133.26,2023,12,22,355
2023-12-23,3575.34,2514.25,1061.09,2023,12,23,356
2023-12-24,3577.46,2381.3,1196.16,2023,12,24,357
2023-12-25,3856.88,2461.47,1395.42,2023,12,25,358
2023-12-26,3616.8,2626.27,990.53,2023,12,26,359
2023-12-27,4130.21,2501.93,1628.28,2023,12,27,360
2023-12-28,4543.67,3340.8,1202.87,2023,12,28,361
2023-12-29,4156.12,2781.36,1374.75,2023,12,29,362
2023-12-30,4405.27,3064.22,1341.05,2023,12,30,363
2023-12-31,4574.96,3197.45,1377.51,2023,12,31,364
2024-01-01,4314.47,3167.98,1146.5,2024,1,1,365
2024-01-02,4550.07,3164.57,1385.49,2024,1,2,366
2024-01-03,4513.84,3123.98,1389.85,2024,1,3,367
2024-01-04,4544.85,2772.35,1772.5,2024,1,4,368
2024-01-05,4267.39,2892.27,1375.12,2024,1,5,369
2024-01-06,4469.62,2782.45,1687.17,2024,1,6,370
2024-01-07,4555.71,3237.35,1318.35,2024,1,7,371
2024-01-08,4769.46,3228.13,1541.33,2024,1,8,372
2024-01-09,4536.85,3185.03,1351.83,2024,1,9,373
2024-01-10,4801.1,2910.67,1890.43,2024,1,10,374
2024-01-11,3826.47,2344.55,1481.92,2024,1,11,375
2024-01-12,4219.9,2985.36,1234.54,2024,1,12,376
2024-01-13,3919.28,2393.94,1525.33,2024,1,13,377
2024-01-14,4436.17,2709.12,1727.05,2024,1,14,378
2024-01-15,3464.55,2085.02,1379.53,2024,1,15,379
2024-01-16,3399.17,2527.2,871.97,2024,1,16,380
2024-01-17,3434.23,2440.46,993.78,2024,1,17,381
2024-01-18,2960.63,1933.26,1027.38,2024,1,18,382
2024-01-19,3445.56,2220.6,1224.96,2024,1,19,383
2024-01-20,3402.76,2220.15,1182.61,2024,1,20,384
2024-01-21,3723.62,2666.85,1056.77,2024,1,21,385
2024-01-22,3847.96,2690.51,1157.44,2024,1,22,386
2024-01-23,4391.44,2756.86,1634.59,2024,1,23,387
2024-01-24,4209.73,2635.78,1573.95,2024,1,24,388
2024-01-25,3856.43,2370.78,1485.65,2024,1,25,389
2024-01-26,3869.42,2704.9,1164.52,2024,1,26,390
2024-01-27,4395.96,3141.6,1254.36,2024,1,27,391
2024-01-28,3957.21,2531.65,1425.56,2024,1,28,392
2024-01-29,4998.72,3014.94,1983.78,2024,1,29,393
2024-01-30,4886.28,2992.0,1894.29,2024,1,30,394
2024-01-31,4458.62,3322.47,1136.15,2024,1,31,395
2024-02-01,4133.43,2663.24,1470.19,2024,2,1,396
2024-02-02,5080.75,3634.69,1446.07,2024,2,2,397
2024-02-03,4645.71,3222.73,1422.98,2024,2,3,398
2024-02-04,5035.17,3309.57,1725.6,2024,2,4,399
2024-02-05,4148.47,2617.07,1531.39,2024,2,5,400
2024-02-06,4391.03,2714.57,1676.46,2024,2,6,401
2024-02-07,4500.22,3115.29,1384.93,2024,2,7,402
2024-02-08,4427.7,3171.1,1256.6,2024,2,8,403
2024-02-09,4184.66,2914.97,1269.69,2024,2,9,404
2024-02-10,4408.06,2995.48,1412.58,2024,2,10,405
2024-02-11,3802.45,2305.4,1497.05,2024,2,11,406
2024-02-12,3986.09,2970.73,1015.36,2024,2,12,407
2024-02-13,3979.86,2864.73,1115.13,2024,2,13,408
2024-02-14,4025.9,2592.37,1433.53,2024,2,14,409
2024-02-15,4029.1,3009.72,1019.38,2024,2,15,410
2024-02-16,3441.19,2375.39,1065.8,2024,2,16,411
2024-02-17,3302.1,2269.74,1032.36,2024,2,17,412
2024-02-18,4151.12,2956.48,1194.65,2024,2,18,413
2024-02-19,3894.73,2811.08,1083.65,2024,2,19,414
2024-02-20,3618.49,2527.41,1091.08,2024,2,20,415
2024-02-21,4375.31,2709.25,1666.05,2024,2,21,416
2024-02-22,4027.83,2621.07,1406.76,2024,2,22,417
2024-02-23,4442.93,3284.27,1158.66,2024,2,23,418
2024-02-24,4214.29,2670.56,1543.73,2024,2,24,419
2024-02-25,4921.7,3227.77,1693.93,2024,2,25,420
2024-02-26,4939.52,3283.85,1655.67,2024,2,26,421
2024-02-27,4443.12,2958.72,1484.4,2024,2,27,422
2024-02-28,4905.29,3394.17,1511.12,2024,2,28,423
2024-02-29,4890.6,3626.19,1264.41,2024,2,29,424
2024-03-01,5174.5,3291.52,1882.98,2024,3,1,425
2024-03-02,4522.43,2795.88,1726.55,2024,3,2,426
2024-03-03,5044.94,3176.4,1868.54,2024,3,3,427
2024-03-04,5162.14,3784.05,1378.09,2024,3,4,428
2024-03-05,4300.74,2997.06,1303.68,2024,3,5,429
2024-03-06,4436.35,2852.07,1584.28,2024,3,6,430
2024-03-07,4123.61,2978.86,1144.75,2024,3,7,431
2024-03-08,4582.36,3341.48,1240.88,2024,3,8,432
2024-03-09,4793.4,3484.69,1308.71,2024,3,9,433
2024-03-10,4934.92,3641.18,1293.74,2024,3,10,434
2024-03-11,4407.97,2811.56,1596.41,2024,3,11,435
2024-03-12,4775.85,3406.41,1369.45,2024,3,12,436
2024-03-13,3779.31,2528.66,1250.65,2024,3,13,437
2024-03-14,3597.29,2612.71,984.58,2024,3,14,438
2024-03-15,4019.44,2850.88,1168.56,2024,3,15,439
2024-03-16,4095.37,2934.2,1161.17,2024,3,16,440
2024-03-17,3933.31,2747.12,1186.19,2024,3,17,441
2024-03-18,3306.64,2071.99,1234.65,2024,3,18,442
2024-03-19,3905.62,2662.67,1242.95,2024,3,19,443
2024-03-20,3568.23,2667.97,900.26,2024,3,20,444
2024-03-21,4208.47,3116.83,1091.64,2024,3,21,445
2024-03-22,4184.48,2537.78,1646.69,2024,3,22,446
2024-03-23,3875.7,2421.23,1454.46,2024,3,23,447
2024-03-24,4099.51,2540.71,1558.8,2024,3,24,448
2024-03-25,4040.8,2864.51,1176.29,2024,3,25,449
2024-03-26,4449.2,3215.3,1233.91,2024,3,26,450
2024-03-27,4863.99,3074.17,1789.82,2024,3,27,451
2024-03-28,4386.63,2964.82,1421.8,2024,3,28,452
2024-03-29,4929.57,3579.39,1350.18,2024,3,29,453
2024-03-30,4702.44,3338.36,1364.08,2024,3,30,454
2024-03-31,4690.58,3195.86,1494.72,2024,3,31,455
2024-04-01,4944.33,3404.43,1539.9,2024,4,1,456
2024-04-02,4693.09,3173.72,1519.37,2024,4,2,457
2024-04-03,4843.05,3121.99,1721.06,2024,4,3,458
2024-04-04,4633.53,3172.83,1460.71,2024,4,4,459
2024-04-05,5545.28,3900.18,1645.1,2024,4,5,460
2024-04-06,4910.49,3589.56,1320.93,2024,4,6,461
2024-04-07,4617.8,3211.42,1406.38,2024,4,7,462
2024-04-08,4806.87,3432.91,1373.96,2024,4,8,463
2024-04-09,4615.05,2879.84,1735.21,2024,4,9,464
2024-04-10,4483.98,3000.83,1483.15,2024,4,10,465
2024-04-11,4636.05,2788.12,1847.93,2024,4,11,466
2024-04-12,4585.13,2920.73,1664.39,2024,4,12,467
2024-04-13,4113.68,2916.48,1197.21,2024,4,13,468
2024-04-14,4027.89,3015.97,1011.92,2024,4,14,469
2024-04-15,4062.17,2497.73,1564.44,2024,4,15,470
2024-04-16,3417.08,2256.04,1161.04,2024,4,16,471
2024-04-17,3636.85,2618.57,1018.28,2024,4,17,472
2024-04-18,4506.95,2842.11,1664.84,2024,4,18,473
2024-04-19,4617.6,3155.03,1462.56,2024,4,19,474
2024-04-20,4097.4,2908.99,1188.41,2024,4,20,475
2024-04-21,4412.0,3054.86,1357.14,2024,4,21,476
2024-04-22,4415.57,2773.88,1641.69,2024,4,22,477
2024-04-23,5341.87,3489.88,1851.98,2024,4,23,478
2024-04-24,4858.97,3486.65,1372.33,2024,4,24,479
2024-04-25,4594.17,3138.43,1455.74,2024,4,25,480
2024-04-26,4455.32,2676.69,1778.63,2024,4,26,481
2024-04-27,4364.94,3117.22,1247.73,2024,4,27,482
2024-04-28,5003.93,3028.86,1975.07,2024,4,28,483
2024-04-29,4799.15,3416.32,1382.83,2024,4,29,484
2024-04-30,4666.3,2941.51,1724.79,2024,4,30,485
2024-05-01,4947.0,3679.14,1267.86,2024,5,1,486
2024-05-02,4843.73,3173.57,1670.16,2024,5,2,487
2024-05-03,5679.82,3686.43,1993.39,2024,5,3,488
2024-05-04,5421.92,3374.24,2047.68,2024,5,4,489
2024-05-05,5118.01,3305.42,1812.59,2024,5,5,490
2024-05-06,5508.43,4029.4,1479.03,2024,5,6,491
2024-05-07,5015.46,3758.84,1256.62,2024,5,7,492
2024-05-08,4648.82,3046.12,1602.7,2024,5,8,493
2024-05-09,5270.22,3516.77,1753.45,2024,5,9,494
2024-05-10,4876.48,3454.06,1422.42,2024,5,10,495
2024-05-11,4305.16,3155.38,1149.78,2024,5,11,496
2024-05-12,4465.31,3076.4,1388.9,2024,5,12,497
2024-05-13,4174.68,2749.98,1424.7,2024,5,13,498
2024-05-14,3950.33,2614.7,1335.63,2024,5,14,499
2024-05-15,4587.07,3230.87,1356.2,2024,5,15,500
2024-05-16,4845.01,2909.35,1935.67,2024,5,16,501
2024-05-17,3836.37,2658.37,1178.0,2024,5,17,502
2024-05-18,4430.31,2894.43,1535.88,2024,5,18,503
2024-05-19,4093.45,2943.72,1149.73,2024,5,19,504
2024-05-20,4190.5,2572.75,1617.75,2024,5,20,505
2024-05-21,4225.85,2908.36,1317.49,2024,5,21,506
2024-05-22,4227.53,2841.52,1386.01,2024,5,22,507
2024-05-23,4597.29,3201.32,1395.97,2024,5,23,508
2024-05-24,4438.35,2706.19,1732.16,2024,5,24,509
2024-05-25,4878.21,3351.32,1526.89,2024,5,25,510
2024-05-26,4891.44,3346.84,1544.61,2024,5,26,511
2024-05-27,4939.73,3379.26,1560.46,2024,5,27,512
2024-05-28,4835.15,3338.78,1496.37,2024,5,28,513
2024-05-29,5017.55,3519.66,1497.89,2024,5,29,514
2024-05-30,5484.13,3952.68,1531.45,2024,5,30,515
2024-05-31,5455.79,3494.28,1961.5,2024,5,31,516
2024-06-01,5039.46,3647.35,1392.11,2024,6,1,517
2024-06-02,5368.01,3622.0,1746.01,2024,6,2,518
2024-06-03,5547.38,3392.55,2154.83,2024,6,3,519
2024-06-04,4784.11,2912.48,1871.63,2024,6,4,520
2024-06-05,5391.98,3505.52,1886.46,2024,6,5,521
2024-06-06,4957.99,3558.52,1399.47,2024,6,6,522
2024-06-07,5242.92,3702.3,1540.62,2024,6,7,523
2024-06-08,4748.84,3411.05,1337.78,2024,6,8,524
2024-06-09,4337.88,2939.3,1398.57,2024,6,9,525
2024-06-10,4292.61,2859.0,1433.6,2024,6,10,526
2024-06-11,4701.37,2924.81,1776.56,2024,6,11,527
2024-06-12,4679.82,3038.27,1641.55,2024,6,12,528
2024-06-13,4258.41,2832.28,1426.13,2024,6,13,529
2024-06-14,4665.33,2861.2,1804.13,2024,6,14,530
2024-06-15,3938.26,2493.28,1444.98,2024,6,15,531
2024-06-16,4400.65,3035.28,1365.37,2024,6,16,532
2024-06-17,4062.65,2885.9,1176.75,2024,6,17,533
2024-06-18,4257.62,3192.16,1065.46,2024,6,18,534
2024-06-19,4515.39,3341.24,1174.15,2024,6,19,535
2024-06-20,4309.97,3001.4,1308.57,2024,6,20,536
2024-06-21,4535.9,3008.15,1527.75,2024,6,21,537
2024-06-22,5049.16,3511.32,1537.84,2024,6,22,538
2024-06-23,4679.1,3358.88,1320.22,2024,6,23,539
2024-06-24,5212.32,3219.91,1992.41,2024,6,24,540
2024-06-25,4732.14,3130.24,1601.9,2024,6,25,541
2024-06-26,5334.89,3872.97,1461.92,2024,6,26,542
2024-06-27,5704.43,3751.09,1953.34,2024,6,27,543
2024-06-28,4613.63,3163.94,1449.69,2024,6,28,544
2024-06-29,5182.98,3566.74,1616.23,2024,6,29,545
2024-06-30,5643.17,3542.05,2101.11,2024,6,30,546
2024-07-01,5436.35,3557.19,1879.15,2024,7,1,547
2024-07-02,5614.09,3650.15,1963.94,2024,7,2,548
2024-07-03,5305.3,3204.03,2101.27,2024,7,3,549
2024-07-04,5475.44,3305.13,2170.31,2024,7,4,550
2024-07-05,5346.81,3875.12,1471.68,2024,7,5,551
2024-07-06,5671.65,3635.3,2036.35,2024,7,6,552
2024-07-07,5312.6,3600.41,1712.19,2024,7,7,553
2024-07-08,5243.63,3381.14,1862.49,2024,7,8,554
2024-07-09,4920.31,3646.45,1273.86,2024,7,9,555
2024-07-10,4799.12,3066.13,1732.99,2024,7,10,556
2024-07-11,4721.71,3137.33,1584.38,2024,7,11,557
2024-07-12,4884.77,3570.33,1314.45,2024,7,12,558
2024-07-13,4567.95,3317.65,1250.29,2024,7,13,559
2024-07-14,4725.22,2967.04,1758.18,2024,7,14,560
2024-07-15,5223.87,3763.26,1460.61,2024,7,15,561
2024-07-16,4846.34,3240.89,1605.46,2024,7,16,562
2024-07-17,4492.68,3021.08,1471.6,2024,7,17,563
2024-07-18,4978.07,3086.51,1891.56,2024,7,18,564
2024-07-19,4543.28,2780.9,1762.38,2024,7,19,565
2024-07-20,4121.19,2922.71,1198.48,2024,7,20,566
2024-07-21,4513.37,3044.13,1469.24,2024,7,21,567
2024-07-22,4350.57,2895.42,1455.14,2024,7,22,568
2024-07-23,4911.25,3484.17,1427.08,2024,7,23,569
2024-07-24,5131.67,3668.25,1463.41,2024,7,24,570
2024-07-25,5738.51,3579.89,2158.62,2024,7,25,571
2024-07-26,5438.56,3760.95,1677.61,2024,7,26,572
2024-07-27,5370.76,3331.5,2039.26,2024,7,27,573
2024-07-28,5768.47,4111.23,1657.25,2024,7,28,574
2024-07-29,4923.24,3439.09,1484.14,2024,7,29,575
2024-07-30,5705.26,4241.82,1463.44,2024,7,30,576
2024-07-31,5893.05,3596.79,2296.27,2024,7,31,577
2024-08-01,5223.7,3178.93,2044.78,2024,8,1,578
2024-08-02,5994.16,3850.22,2143.94,2024,8,2,579
2024-08-03,5715.55,3653.7,2061.85,2024,8,3,580
2024-08-04,5433.46,3461.37,1972.09,2024,8,4,581
2024-08-05,5675.68,4176.95,1498.73,2024,8,5,582
2024-08-06,6082.02,3876.87,2205.15,2024,8,6,583
2024-08-07,5361.44,3435.57,1925.87,2024,8,7,584
2024-08-08,5282.88,3771.5,1511.38,2024,8,8,585
2024-08-09,4972.13,3318.7,1653.43,2024,8,9,586
2024-08-10,4761.06,3411.33,1349.73,2024,8,10,587
2024-08-11,5180.07,3158.83,2021.24,2024,8,11,588
2024-08-12,4601.95,3097.74,1504.21,2024,8,12,589
2024-08-13,4824.29,2918.9,1905.39,2024,8,13,590
2024-08-14,4622.49,2816.94,1805.55,2024,8,14,591
2024-08-15,4893.23,3601.25,1291.98,2024,8,15,592
2024-08-16,4855.12,3014.48,1840.64,2024,8,16,593
2024-08-17,5093.5,3462.89,1630.62,2024,8,17,594
2024-08-18,4677.24,3094.76,1582.48,2024,8,18,595
2024-08-19,4816.2,3140.65,1675.55,2024,8,19,596
2024-08-20,4686.7,3444.61,1242.09,2024,8,20,597
2024-08-21,4943.05,2982.01,1961.04,2024,8,21,598
2024-08-22,5294.43,3703.81,1590.61,2024,8,22,599
2024-08-23,5517.77,4108.03,1409.74,2024,8,23,600
2024-08-24,5123.47,3504.58,1618.89,2024,8,24,601
2024-08-25,5765.9,4269.78,1496.12,2024,8,25,602
2024-08-26,6007.71,3651.72,2355.99,2024,8,26,603
2024-08-27,5808.22,3849.8,1958.42,2024,8,27,604
2024-08-28,6314.15,4034.89,2279.26,2024,8,28,605
2024-08-29,5566.97,3950.45,1616.52,2024,8,29,606
2024-08-30,5452.93,4074.4,1378.53,2024,8,30,607
2024-08-31,5298.2,3382.79,1915.41,2024,8,31,608
2024-09-01,6264.38,4373.33,1891.05,2024,9,1,609
2024-09-02,5974.84,3762.45,2212.4,2024,9,2,610
2024-09-03,5705.9,3907.4,1798.5,2024,9,3,611
2024-09-04,5734.37,3839.68,1894.69,2024,9,4,612
2024-09-05,5227.7,3898.82,1328.88,2024,9,5,613
2024-09-06,6205.14,4289.48,1915.66,2024,9,6,614
2024-09-07,5411.71,3530.74,1880.97,2024,9,7,615
2024-09-08,5307.29,3275.21,2032.09,2024,9,8,616
2024-09-09,5398.27,3361.44,2036.84,2024,9,9,617
2024-09-10,5239.81,3320.98,1918.83,2024,9,10,618
2024-09-11,5090.47,3245.92,1844.56,2024,9,11,619
2024-09-12,4730.21,3441.67,1288.55,2024,9,12,620
2024-09-13,5071.76,3470.02,1601.75,2024,9,13,621
2024-09-14,5478.68,3717.33,1761.35,2024,9,14,622
2024-09-15,5323.18,3285.55,2037.63,2024,9,15,623
2024-09-16,5424.73,3954.74,1469.99,2024,9,16,624
2024-09-17,4841.41,3429.76,1411.65,2024,9,17,625
2024-09-18,4764.82,2907.26,1857.56,2024,9,18,626
2024-09-19,5107.13,3606.53,1500.6,2024,9,19,627
2024-09-20,5257.59,3583.21,1674.38,2024,9,20,628
2024-09-21,5674.03,3473.97,2200.05,2024,9,21,629
2024-09-22,4947.47,3308.6,1638.87,2024,9,22,630
2024-09-23,6023.52,4052.05,1971.47,2024,9,23,631
2024-09-24,5622.15,3513.09,2109.06,2024,9,24,632
2024-09-25,5637.49,4182.2,1455.29,2024,9,25,633
2024-09-26,5545.09,4034.03,1511.06,2024,9,26,634
2024-09-27,5419.19,3795.35,1623.84,2024,9,27,635
2024-09-28,6210.6,4157.03,2053.57,2024,9,28,636
2024-09-29,6012.86,3979.1,2033.76,2024,9,29,637
2024-09-30,5609.36,3913.35,1696.01,2024,9,30,638
2024-10-01,5591.58,3812.42,1779.16,2024,10,1,639
2024-10-02,5842.33,3559.97,2282.36,2024,10,2,640
2024-10-03,6387.82,4323.76,2064.06,2024,10,3,641
2024-10-04,5737.04,4136.18,1600.86,2024,10,4,642
2024-10-05,5278.93,3531.0,1747.93,2024,10,5,643
2024-10-06,5562.23,3380.68,2181.54,2024,10,6,644
2024-10-07,5455.66,3916.85,1538.81,2024,10,7,645
2024-10-08,4629.94,2917.81,1712.13,2024,10,8,646
2024-10-09,5328.79,3403.99,1924.8,2024,10,9,647
2024-10-10,5190.76,3242.7,1948.06,2024,10,10,648
2024-10-11,5396.7,3505.33,1891.37,2024,10,11,649
2024-10-12,5686.57,4057.44,1629.13,2024,10,12,650
2024-10-13,5432.83,3682.95,1749.87,2024,10,13,651
2024-10-14,4997.94,3152.36,1845.58,2024,10,14,652
2024-10-15,4752.13,3477.02,1275.12,2024,10,15,653
2024-10-16,5883.32,4306.22,1577.1,2024,10,16,654
2024-10-17,5177.07,3782.3,1394.77,2024,10,17,655
2024-10-18,5230.41,3325.6,1904.81,2024,10,18,656
2024-10-19,5302.16,3540.18,1761.98,2024,10,19,657
2024-10-20,5464.83,4086.32,1378.51,2024,10,20,658
2024-10-21,5467.0,3913.29,1553.71,2024,10,21,659
2024-10-22,5447.65,3290.79,2156.86,2024,10,22,660
2024-10-23,5565.13,3393.51,2171.62,2024,10,23,661
2024-10-24,5824.26,3899.86,1924.39,2024,10,24,662
2024-10-25,5767.06,4246.77,1520.3,2024,10,25,663
2024-10-26,5799.4,3948.26,1851.14,2024,10,26,664
2024-10-27,6112.11,4123.67,1988.44,2024,10,27,665
2024-10-28,6051.69,3726.76,2324.93,2024,10,28,666
2024-10-29,6606.59,4614.82,1991.78,2024,10,29,667
2024-10-30,5365.59,3881.01,1484.58,2024,10,30,668
2024-10-31,6472.08,4252.57,2219.52,2024,10,31,669
2024-11-01,6481.43,4642.92,1838.51,2024,11,1,670
2024-11-02,5429.63,4043.29,1386.34,2024,11,2,671
2024-11-03,5876.64,3705.61,2171.04,2024,11,3,672
2024-11-04,5782.98,3923.75,1859.23,2024,11,4,673
2024-11-05,5378.23,3458.58,1919.65,2024,11,5,674
2024-11-06,5468.67,3931.58,1537.09,2024,11,6,675
2024-11-07,5270.37,3618.84,1651.53,2024,11,7,676
2024-11-08,6035.29,4195.66,1839.63,2024,11,8,677
2024-11-09,5705.28,4106.01,1599.26,2024,11,9,678
2024-11-10,5733.84,3780.87,1952.97,2024,11,10,679
2024-11-11,5512.92,4064.48,1448.45,2024,11,11,680
2024-11-12,4920.67,3345.83,1574.84,2024,11,12,681
2024-11-13,5085.79,3171.97,1913.82,2024,11,13,682
2024-11-14,5395.44,3800.46,1594.97,2024,11,14,683
2024-11-15,4909.2,3529.67,1379.54,2024,11,15,684
2024-11-16,5537.74,3585.77,1951.98,2024,11,16,685
2024-11-17,5318.67,3875.06,1443.61,2024,11,17,686
2024-11-18,5361.49,3945.63,1415.85,2024,11,18,687
2024-11-19,5783.23,3710.15,2073.08,2024,11,19,688
2024-11-20,5808.12,4341.73,1466.39,2024,11,20,689
2024-11-21,5675.99,3525.39,2150.59,2024,11,21,690
2024-11-22,6241.52,3934.04,2307.47,2024,11,22,691
2024-11-23,5674.3,3561.38,2112.92,2024,11,23,692
2024-11-24,6279.4,4609.7,1669.7,2024,11,24,693
2024-11-25,6355.72,4437.21,1918.51,2024,11,25,694
2024-11-26,6151.85,3831.47,2320.38,2024,11,26,695
2024-11-27,6390.55,4256.42,2134.13,2024,11,27,696
2024-11-28,5944.6,4115.41,1829.18,2024,11,28,697
2024-11-29,6602.62,4044.24,2558.39,2024,11,29,698
2024-11-30,6253.7,4579.97,1673.72,2024,11,30,699
2024-12-01,6115.32,4406.33,1708.98,2024,12,1,700
2024-12-02,6530.88,4413.45,2117.44,2024,12,2,701
2024-12-03,5932.68,4420.26,1512.42,2024,12,3,702
2024-12-04,5636.41,3735.04,1901.36,2024,12,4,703
2024-12-05,5498.03,4110.42,1387.61,2024,12,5,704
2024-12-06,6048.35,4234.98,1813.37,2024,12,6,705
2024-12-07,5383.94,3742.92,1641.02,2024,12,7,706
2024-12-08,6200.58,3874.7,2325.88,2024,12,8,707
2024-12-09,4964.53,3635.47,1329.06,2024,12,9,708
2024-12-10,6025.85,4001.91,2023.94,2024,12,10,709
2024-12-11,5524.26,3448.99,2075.27,2024,12,11,710
2024-12-12,5394.91,3247.15,2147.76,2024,12,12,711
2024-12-13,5244.2,3586.84,1657.36,2024,12,13,712
2024-12-14,5532.9,3757.45,1775.45,2024,12,14,713
2024-12-15,5429.09,3843.27,1585.82,2024,12,15,714
2024-12-16,5819.37,4268.73,1550.64,2024,12,16,715
2024-12-17,5589.57,3420.32,2169.25,2024,12,17,716
2024-12-18,5683.56,4033.76,1649.8,2024,12,18,717
2024-12-19,5625.39,3533.37,2092.02,2024,12,19,718
2024-12-20,5822.29,4242.86,1579.43,2024,12,20,719
2024-12-21,6041.15,4366.9,1674.25,2024,12,21,720
2024-12-22,5545.2,3776.94,1768.26,2024,12,22,721
2024-12-23,5758.69,4068.73,1689.97,2024,12,23,722
2024-12-24,6482.14,4194.93,2287.21,2024,12,24,723
2024-12-25,6393.58,4288.02,2105.57,2024,12,25,724
2024-12-26,6354.05,4595.54,1758.51,2024,12,26,725
2024-12-27,6462.78,4322.89,2139.89,2024,12,27,726
2024-12-28,6588.74,4306.86,2281.88,2024,12,28,727
2024-12-29,6328.02,4265.92,2062.1,2024,12,29,728
2024-12-30,6240.21,4519.39,1720.82,2024,12,30,729
2024-12-31,6495.42,4223.85,2271.57,2024,12,31,730
2025-01-01,6087.2,3810.98,2276.22,2025,1,1,731
2025-01-02,6430.99,4545.44,1885.55,2025,1,2,732
2025-01-03,5712.7,4135.41,1577.3,2025,1,3,733
2025-01-04,6438.3,3960.17,2478.13,2025,1,4,734
2025-01-05,6172.86,3925.82,2247.04,2025,1,5,735
2025-01-06,6009.42,3733.63,2275.79,2025,1,6,736
2025-01-07,6133.49,4000.21,2133.28,2025,1,7,737
2025-01-08,6253.28,4174.39,2078.89,2025,1,8,738
2025-01-09,5985.76,4263.8,1721.96,2025,1,9,739
2025-01-10,5073.23,3539.45,1533.78,2025,1,10,740
2025-01-11,5204.58,3607.5,1597.08,2025,1,11,741
2025-01-12,5384.76,3515.48,1869.29,2025,1,12,742
2025-01-13,5585.52,4056.3,1529.22,2025,1,13,743
2025-01-14,5760.21,3863.33,1896.88,2025,1,14,744
2025-01-15,5435.19,4059.36,1375.83,2025,1,15,745
2025-01-16,5775.87,4014.93,1760.94,2025,1,16,746
2025-01-17,5576.38,3451.45,2124.94,2025,1,17,747
2025-01-18,5715.55,4009.04,1706.51,2025,1,18,748
2025-01-19,5581.91,3621.35,1960.56,2025,1,19,749
2025-01-20,5836.38,4102.67,1733.7,2025,1,20,750
2025-01-21,5817.28,3551.14,2266.14,2025,1,21,751
2025-01-22,6034.92,3779.26,2255.66,2025,1,22,752
2025-01-23,6739.78,4908.99,1830.79,2025,1,23,753
2025-01-24,6222.04,3945.25,2276.79,2025,1,24,754
2025-01-25,7363.5,5342.63,2020.87,2025,1,25,755
2025-01-26,6769.78,4345.46,2424.31,2025,1,26,756
2025-01-27,6704.45,4669.19,2035.25,2025,1,27,757
2025-01-28,6396.97,4504.25,1892.72,2025,1,28,758
2025-01-29,6848.33,4635.62,2212.71,2025,1,29,759
2025-01-30,6428.51,4151.51,2277.0,2025,1,30,760
2025-01-31,6581.85,4159.05,2422.8,2025,1,31,761
2025-02-01,7241.08,4380.7,2860.38,2025,2,1,762
2025-02-02,6359.19,4105.44,2253.75,2025,2,2,763
2025-02-03,6638.87,4633.76,2005.11,2025,2,3,764
2025-02-04,5984.66,4433.11,1551.55,2025,2,4,765
2025-02-05,6086.64,4447.39,1639.25,2025,2,5,766
2025-02-06,6534.45,4671.54,1862.91,2025,2,6,767
2025-02-07,5730.08,4115.73,1614.35,2025,2,7,768
2025-02-08,6389.71,4471.19,1918.53,2025,2,8,769
2025-02-09,6002.35,3835.76,2166.59,2025,2,9,770
2025-02-10,5584.25,4110.45,1473.8,2025,2,10,771
2025-02-11,5926.47,4152.14,1774.33,2025,2,11,772
2025-02-12,6033.99,4127.65,1906.34,2025,2,12,773
2025-02-13,5955.99,3672.75,2283.24,2025,2,13,774
2025-02-14,5346.38,3566.35,1780.03,2025,2,14,775
2025-02-15,5666.23,3791.01,1875.22,2025,2,15,776
2025-02-16,5893.28,4300.23,1593.04,2025,2,16,777
2025-02-17,6041.21,4120.09,1921.12,2025,2,17,778
2025-02-18,6354.64,4175.38,2179.26,2025,2,18,779
2025-02-19,6331.19,4726.36,1604.83,2025,2,19,780
2025-02-20,5986.72,3691.46,2295.26,2025,2,20,781
2025-02-21,6606.28,4382.49,2223.79,2025,2,21,782
2025-02-22,6771.4,4105.53,2665.88,2025,2,22,783
2025-02-23,6839.33,4862.66,1976.66,2025,2,23,784
2025-02-24,7062.55,5210.12,1852.43,2025,2,24,785
2025-02-25,7036.49,4517.47,2519.02,2025,2,25,786
2025-02-26,6951.29,5065.76,1885.53,2025,2,26,787
2025-02-27,6797.97,4376.75,2421.21,2025,2,27,788
2025-02-28,6304.48,4643.98,1660.5,2025,2,28,789
2025-03-01,6894.62,4916.52,1978.11,2025,3,1,790
2025-03-02,6772.09,4880.89,1891.2,2025,3,2,791
2025-03-03,6719.06,4049.58,2669.48,2025,3,3,792
2025-03-04,6169.52,4592.72,1576.8,2025,3,4,793
2025-03-05,6134.3,4349.22,1785.08,2025,3,5,794
2025-03-06,6676.09,4310.84,2365.25,2025,3,6,795
2025-03-07,6249.81,4527.42,1722.39,2025,3,7,796
2025-03-08,6372.2,4092.4,2279.79,2025,3,8,797
2025-03-09,6091.2,4452.14,1639.06,2025,3,9,798
2025-03-10,6019.44,3713.31,2306.12,2025,3,10,799
2025-03-11,6236.04,4399.86,1836.18,2025,3,11,800
2025-03-12,5762.71,3925.01,1837.7,2025,3,12,801
2025-03-13,5930.11,3643.94,2286.18,2025,3,13,802
2025-03-14,5768.08,3670.14,2097.94,2025,3,14,803
2025-03-15,5803.63,3492.98,2310.65,2025,3,15,804
2025-03-16,5889.23,3947.64,1941.59,2025,3,16,805
2025-03-17,6115.54,3945.69,2169.86,2025,3,17,806
2025-03-18,5988.44,4130.55,1857.89,2025,3,18,807
2025-03-19,6604.8,4257.36,2347.44,2025,3,19,808
2025-03-20,6064.59,3911.59,2153.0,2025,3,20,809
2025-03-21,6386.35,4543.75,1842.6,2025,3,21,810
2025-03-22,6419.93,3898.32,2521.61,2025,3,22,811
2025-03-23,7090.84,5214.85,1875.99,2025,3,23,812
2025-03-24,6811.73,4957.84,1853.88,2025,3,24,813
2025-03-25,7145.48,5003.05,2142.42,2025,3,25,814
2025-03-26,6457.18,4448.89,2008.29,2025,3,26,815
2025-03-27,7030.96,5159.64,1871.32,2025,3,27,816
2025-03-28,7244.95,4548.38,2696.58,2025,3,28,817
2025-03-29,7008.23,4287.96,2720.28,2025,3,29,818
2025-03-30,7286.95,4633.96,2652.98,2025,3,30,819
2025-03-31,6775.08,4872.55,1902.53,2025,3,31,820
2025-04-01,7297.12,4416.22,2880.9,2025,4,1,821
2025-04-02,7491.79,5150.01,2341.78,2025,4,2,822
2025-04-03,6608.23,4951.65,1656.58,2025,4,3,823
2025-04-04,6489.5,4726.66,1762.84,2025,4,4,824
2025-04-05,6960.7,4720.86,2239.83,2025,4,5,825
2025-04-06,6900.08,4205.92,2694.16,2025,4,6,826
2025-04-07,6175.42,4475.37,1700.06,2025,4,7,827
2025-04-08,6121.18,4222.68,1898.51,2025,4,8,828
2025-04-09,6090.51,3759.31,2331.2,2025,4,9,829
2025-04-10,5715.75,3509.92,2205.83,2025,4,10,830
2025-04-11,5806.46,4276.13,1530.33,2025,4,11,831
2025-04-12,5764.57,4037.39,1727.18,2025,4,12,832
2025-04-13,5840.96,4231.15,1609.81,2025,4,13,833
2025-04-14,6088.11,4455.56,1632.55,2025,4,14,834
2025-04-15,6216.78,4263.25,1953.52,2025,4,15,835
2025-04-16,6678.59,4525.52,2153.06,2025,4,16,836
2025-04-17,5997.09,3985.45,2011.64,2025,4,17,837
2025-04-18,6687.91,4330.7,2357.21,2025,4,18,838
2025-04-19,6433.31,4279.37,2153.94,2025,4,19,839
2025-04-20,6592.11,4720.49,1871.62,2025,4,20,840
2025-04-21,6918.83,4775.99,2142.84,2025,4,21,841
2025-04-22,6484.47,4758.81,1725.66,2025,4,22,842
2025-04-23,7032.02,4686.89,2345.13,2025,4,23,843
2025-04-24,7050.39,4872.27,2178.12,2025,4,24,844
2025-04-25,7215.12,5012.31,2202.8,2025,4,25,845
2025-04-26,7202.13,4960.5,2241.63,2025,4,26,846
2025-04-27,7879.19,5557.94,2321.25,2025,4,27,847
2025-04-28,6956.76,4421.82,2534.94,2025,4,28,848
2025-04-29,6972.54,4719.39,2253.14,2025,4,29,849
2025-04-30,6907.86,4252.71,2655.15,2025,4,30,850
2025-05-01,6872.21,4519.69,2352.52,2025,5,1,851
2025-05-02,6775.44,4560.89,2214.55,2025,5,2,852
2025-05-03,7238.32,5051.14,2187.18,2025,5,3,853
2025-05-04,7213.84,5356.85,1856.99,2025,5,4,854
2025-05-05,6517.99,4498.05,2019.94,2025,5,5,855
2025-05-06,6341.04,4511.89,1829.14,2025,5,6,856
2025-05-07,6638.24,4487.05,2151.19,2025,5,7,857
2025-05-08,6246.11,4341.77,1904.34,2025,5,8,858
2025-05-09,6529.46,3987.15,2542.31,2025,5,9,859
2025-05-10,6344.5,4048.8,2295.7,2025,5,10,860
2025-05-11,5791.87,3789.49,2002.38,2025,5,11,861
2025-05-12,6694.6,4491.23,2203.37,2025,5,12,862
2025-05-13,6774.59,4111.14,2663.45,2025,5,13,863
2025-05-14,6079.21,3775.21,2304.0,2025,5,14,864
2025-05-15,6194.74,3974.06,2220.68,2025,5,15,865
2025-05-16,6463.73,4820.2,1643.53,2025,5,16,866
2025-05-17,6561.47,4263.0,2298.47,2025,5,17,867
2025-05-18,6754.71,4541.23,2213.48,2025,5,18,868
2025-05-19,7265.1,4572.76,2692.34,2025,5,19,869
2025-05-20,6718.4,4646.56,2071.84,2025,5,20,870
2025-05-21,6641.43,4264.48,2376.95,2025,5,21,871
2025-05-22,6572.02,4147.27,2424.75,2025,5,22,872
2025-05-23,6862.55,4649.28,2213.27,2025,5,23,873
2025-05-24,7155.05,4298.94,2856.11,2025,5,24,874
2025-05-25,7770.28,4671.1,3099.18,2025,5,25,875
2025-05-26,7124.63,4508.9,2615.74,2025,5,26,876
2025-05-27,7374.27,4465.18,2909.09,2025,5,27,877
2025-05-28,7307.69,4503.03,2804.66,2025,5,28,878
2025-05-29,7652.89,4980.72,2672.17,2025,5,29,879
2025-05-30,8017.42,5775.65,2241.77,2025,5,30,880
2025-05-31,7044.12,4830.91,2213.21,2025,5,31,881
2025-06-01,6984.36,4727.71,2256.64,2025,6,1,882
2025-06-02,7359.4,4739.62,2619.77,2025,6,2,883
2025-06-03,7156.79,5294.33,1862.46,2025,6,3,884
2025-06-04,7407.76,4885.8,2521.96,2025,6,4,885
2025-06-05,6930.45,4248.81,2681.64,2025,6,5,886
2025-06-06,6553.56,4538.73,2014.83,2025,6,6,887
2025-06-07,6753.5,4167.42,2586.08,2025,6,7,888
2025-06-08,6836.72,4456.06,2380.66,2025,6,8,889
2025-06-09,6694.3,4526.1,2168.21,2025,6,9,890
2025-06-10,6563.31,4798.65,1764.65,2025,6,10,891
2025-06-11,6714.88,4526.04,2188.84,2025,6,11,892
2025-06-12,6751.15,4761.85,1989.3,2025,6,12,893
2025-06-13,6842.23,5124.3,1717.93,2025,6,13,894
2025-06-14,6670.19,4133.67,2536.52,2025,6,14,895
2025-06-15,6492.37,4162.97,2329.4,2025,6,15,896
2025-06-16,6669.68,4396.56,2273.12,2025,6,16,897
2025-06-17,7083.63,4698.39,2385.24,2025,6,17,898
2025-06-18,6581.49,4354.67,2226.83,2025,6,18,899
2025-06-19,7046.62,5187.31,1859.31,2025,6,19,900
2025-06-20,6927.45,4898.44,2029.02,2025,6,20,901
2025-06-21,7158.98,4948.18,2210.79,2025,6,21,902
2025-06-22,7629.9,4932.01,2697.89,2025,6,22,903
2025-06-23,7386.85,5344.9,2041.96,2025,6,23,904
2025-06-24,7410.38,5507.83,1902.55,2025,6,24,905
2025-06-25,7036.49,5088.65,1947.84,2025,6,25,906
2025-06-26,7695.54,4619.13,3076.41,2025,6,26,907
2025-06-27,7670.8,5334.73,2336.06,2025,6,27,908
2025-06-28,8109.88,4928.13,3181.75,2025,6,28,909
2025-06-29,7331.54,4682.22,2649.32,2025,6,29,910
2025-06-30,7433.66,4526.57,2907.09,2025,6,30,911
2025-07-01,7370.54,5089.87,2280.67,2025,7,1,912
2025-07-02,7683.92,5401.71,2282.21,2025,7,2,913
2025-07-03,7088.16,4374.62,2713.54,2025,7,3,914
2025-07-04,7101.99,4670.1,2431.89,2025,7,4,915
2025-07-05,7102.18,4747.35,2354.83,2025,7,5,916
2025-07-06,6881.86,4510.08,2371.78,2025,7,6,917
2025-07-07,6606.91,4084.09,2522.82,2025,7,7,918
2025-07-08,6726.87,4458.86,2268.02,2025,7,8,919
2025-07-09,6934.78,4942.26,1992.52,2025,7,9,920
2025-07-10,6267.71,3827.38,2440.32,2025,7,10,921
2025-07-11,6599.3,4038.95,2560.35,2025,7,11,922
2025-07-12,6354.86,4151.09,2203.77,2025,7,12,923
2025-07-13,6950.63,5152.21,1798.41,2025,7,13,924
2025-07-14,6183.16,4329.98,1853.18,2025,7,14,925
2025-07-15,6539.36,4589.33,1950.03,2025,7,15,926
2025-07-16,6903.37,4516.79,2386.58,2025,7,16,927
2025-07-17,7355.87,5068.55,2287.31,2025,7,17,928
2025-07-18,6971.38,4193.42,2777.96,2025,7,18,929
2025-07-19,6933.99,4822.0,2111.99,2025,7,19,930
2025-07-20,7774.34,5729.63,2044.7,2025,7,20,931
2025-07-21,6880.48,4760.51,2119.97,2025,7,21,932
2025-07-22,6751.25,4935.54,1815.72,2025,7,22,933
2025-07-23,7626.06,5403.8,2222.27,2025,7,23,934
2025-07-24,7410.37,4580.23,2830.14,2025,7,24,935
2025-07-25,7302.61,5370.11,1932.51,2025,7,25,936
2025-07-26,7848.71,4787.45,3061.26,2025,7,26,937
2025-07-27,7714.83,5246.82,2468.01,2025,7,27,938
2025-07-28,7456.21,4632.7,2823.51,2025,7,28,939
2025-07-29,7204.31,4335.24,2869.08,2025,7,29,940
2025-07-30,7794.19,5169.92,2624.26,2025,7,30,941
2025-07-31,7655.31,4931.98,2723.33,2025,7,31,942
2025-08-01,7345.46,4942.76,2402.7,2025,8,1,943
2025-08-02,7835.28,5379.54,2455.73,2025,8,2,944
2025-08-03,6861.79,4162.09,2699.7,2025,8,3,945
2025-08-04,6626.69,4098.28,2528.41,2025,8,4,946
2025-08-05,6782.84,4638.08,2144.76,2025,8,5,947
2025-08-06,6891.7,4489.77,2401.93,2025,8,6,948
2025-08-07,6906.18,4899.08,2007.1,2025,8,7,949
2025-08-08,6704.85,4678.94,2025.91,2025,8,8,950
2025-08-09,6845.81,4975.81,1870.0,2025,8,9,951
2025-08-10,6348.48,4468.53,1879.95,2025,8,10,952
2025-08-11,7162.56,4759.45,2403.11,2025,8,11,953
2025-08-12,6732.0,4718.76,2013.24,2025,8,12,954
2025-08-13,7139.84,4578.83,2561.01,2025,8,13,955
2025-08-14,6974.39,4505.09,2469.3,2025,8,14,956
2025-08-15,7091.76,5094.35,1997.41,2025,8,15,957
2025-08-16,7221.68,4816.59,2405.09,2025,8,16,958
2025-08-17,7289.95,5247.0,2042.96,2025,8,17,959
2025-08-18,7457.9,5394.77,2063.13,2025,8,18,960
2025-08-19,7773.27,5663.87,2109.4,2025,8,19,961
2025-08-20,7538.38,5559.52,1978.86,2025,8,20,962
2025-08-21,7788.13,5176.36,2611.77,2025,8,21,963
2025-08-22,7631.67,4944.03,2687.65,2025,8,22,964
2025-08-23,8157.55,5606.93,2550.62,2025,8,23,965
2025-08-24,7570.6,4963.86,2606.74,2025,8,24,966
2025-08-25,8341.02,5756.65,2584.37,2025,8,25,967
2025-08-26,7794.17,5501.42,2292.75,2025,8,26,968
2025-08-27,7360.74,5176.52,2184.22,2025,8,27,969
2025-08-28,7791.37,5112.56,2678.81,2025,8,28,970
2025-08-29,7492.67,4683.14,2809.53,2025,8,29,971
2025-08-30,7876.98,5234.88,2642.1,2025,8,30,972
2025-08-31,7343.96,4563.46,2780.5,2025,8,31,973
2025-09-01,7311.97,5363.43,1948.53,2025,9,1,974
2025-09-02,6780.49,4420.07,2360.41,2025,9,2,975
2025-09-03,7113.19,4432.72,2680.47,2025,9,3,976
2025-09-04,6427.79,3881.21,2546.58,2025,9,4,977
2025-09-05,6594.74,4595.7,1999.04,2025,9,5,978
2025-09-06,7225.84,5025.83,2200.01,2025,9,6,979
2025-09-07,7177.5,4673.2,2504.3,2025,9,7,980
2025-09-08,7032.36,4295.06,2737.3,2025,9,8,981
2025-09-09,6598.39,4364.47,2233.92,2025,9,9,982
2025-09-10,6879.65,4448.95,2430.7,2025,9,10,983
2025-09-11,6920.1,4854.92,2065.18,2025,9,11,984
2025-09-12,6621.67,4574.69,2046.98,2025,9,12,985
2025-09-13,7487.13,4901.74,2585.39,2025,9,13,986
2025-09-14,7382.48,4670.78,2711.7,2025,9,14,987
2025-09-15,7148.99,5348.91,1800.08,2025,9,15,988
2025-09-16,7328.24,4896.0,2432.24,2025,9,16,989
2025-09-17,7492.13,5268.77,2223.36,2025,9,17,990
2025-09-18,6926.54,4301.95,2624.58,2025,9,18,991
2025-09-19,7569.8,5093.25,2476.55,2025,9,19,992
2025-09-20,7535.37,4552.34,2983.02,2025,9,20,993
2025-09-21,7522.64,5083.94,2438.7,2025,9,21,994
2025-09-22,7805.72,5812.16,1993.56,2025,9,22,995
2025-09-23,8477.36,5574.97,2902.38,2025,9,23,996
2025-09-24,8157.52,4942.23,3215.29,2025,9,24,997
2025-09-25,7799.4,4715.85,3083.54,2025,9,25,998
2025-09-26,8126.28,5348.7,2777.58,2025,9,26,999
2025-09-27,8337.28,5202.49,3134.79,2025,9,27,1000
2025-09-28,8138.91,4911.85,3227.05,2025,9,28,1001
2025-09-29,7807.21,5569.91,2237.3,2025,9,29,1002
2025-09-30,7510.2,5022.66,2487.54,2025,9,30,1003
2025-10-01,7819.82,5031.17,2788.65,2025,10,1,1004
2025-10-02,7629.93,5608.09,2021.84,2025,10,2,1005
2025-10-03,7681.97,4743.01,2938.96,2025,10,3,1006
2025-10-04,7510.04,5582.87,1927.17,2025,10,4,1007
2025-10-05,7549.31,4885.12,2664.19,2025,10,5,1008
2025-10-06,7001.68,5134.05,1867.62,2025,10,6,1009
2025-10-07,7501.51,5179.35,2322.16,2025,10,7,1010
2025-10-08,7128.54,5161.11,1967.43,2025,10,8,1011
2025-10-09,7675.59,5738.29,1937.3,2025,10,9,1012
2025-10-10,6851.74,4407.46,2444.28,2025,10,10,1013
2025-10-11,7606.5,5660.53,1945.97,2025,10,11,1014
2025-10-12,7193.09,4736.09,2457.0,2025,10,12,1015
2025-10-13,7005.21,4608.22,2397.0,2025,10,13,1016
2025-10-14,7138.64,4647.67,2490.97,2025,10,14,1017
2025-10-15,7283.71,4961.74,2321.97,2025,10,15,1018
2025-10-16,7611.96,4743.18,2868.78,2025,10,16,1019
2025-10-17,7751.0,5294.37,2456.63,2025,10,17,1020
2025-10-18,7531.48,5130.86,2400.62,2025,10,18,1021
2025-10-19,7801.18,5572.27,2228.91,2025,10,19,1022
2025-10-20,8547.18,6197.11,2350.07,2025,10,20,1023
2025-10-21,8505.92,5665.51,2840.42,2025,10,21,1024
2025-10-22,8185.48,5282.5,2902.98,2025,10,22,1025
2025-10-23,8113.99,5184.03,2929.96,2025,10,23,1026
2025-10-24,8165.81,5137.88,3027.94,2025,10,24,1027
2025-10-25,8319.34,5063.54,3255.8,2025,10,25,1028
2025-10-26,7812.2,5088.61,2723.59,2025,10,26,1029
2025-10-27,8004.79,5127.37,2877.43,2025,10,27,1030
2025-10-28,7525.48,5606.2,1919.28,2025,10,28,1031
2025-10-29,8073.62,5519.58,2554.04,2025,10,29,1032
2025-10-30,8062.98,5257.8,2805.18,2025,10,30,1033
2025-10-31,7629.93,5242.3,2387.63,2025,10,31,1034
2025-11-01,8148.61,5059.31,3089.31,2025,11,1,1035
2025-11-02,7210.22,4806.38,2403.84,2025,11,2,1036
2025-11-03,7044.7,4888.57,2156.14,2025,11,3,1037
2025-11-04,7466.31,5027.33,2438.99,2025,11,4,1038
2025-11-05,7640.91,5045.04,2595.87,2025,11,5,1039
2025-11-06,7776.0,5824.83,1951.18,2025,11,6,1040
2025-11-07,7096.13,5194.7,1901.43,2025,11,7,1041
2025-11-08,7541.15,5229.87,2311.28,2025,11,8,1042
2025-11-09,7211.48,4942.8,2268.68,2025,11,9,1043
2025-11-10,7198.46,4989.25,2209.21,2025,11,10,1044
2025-11-11,7563.35,4766.4,2796.95,2025,11,11,1045
2025-11-12,7560.87,4984.66,2576.21,2025,11,12,1046
2025-11-13,6975.42,4226.54,2748.88,2025,11,13,1047
2025-11-14,7987.31,5362.14,2625.17,2025,11,14,1048
2025-11-15,8063.27,5494.75,2568.53,2025,11,15,1049
2025-11-16,7571.01,4801.25,2769.76,2025,11,16,1050
2025-11-17,7986.87,5947.05,2039.81,2025,11,17,1051
2025-11-18,8121.23,5980.62,2140.61,2025,11,18,1052
2025-11-19,8147.23,5770.86,2376.37,2025,11,19,1053
2025-11-20,7987.1,5431.29,2555.81,2025,11,20,1054
2025-11-21,8017.63,5856.84,2160.79,2025,11,21,1055
2025-11-22,8259.45,5117.54,3141.91,2025,11,22,1056
2025-11-23,8646.15,6212.92,2433.23,2025,11,23,1057
2025-11-24,8462.9,5236.19,3226.71,2025,11,24,1058
2025-11-25,8172.39,5877.02,2295.37,2025,11,25,1059
2025-11-26,8478.05,5437.53,3040.52,2025,11,26,1060
2025-11-27,7336.02,5366.77,1969.26,2025,11,27,1061
2025-11-28,8463.02,6276.23,2186.79,2025,11,28,1062
2025-11-29,7511.44,4674.51,2836.92,2025,11,29,1063
2025-11-30,7830.69,5241.87,2588.82,2025,11,30,1064
2025-12-01,7505.05,5607.38,1897.67,2025,12,1,1065
2025-12-02,7354.07,4945.7,2408.38,2025,12,2,1066
2025-12-03,7996.8,5833.92,2162.88,2025,12,3,1067
2025-12-04,7423.2,5109.46,2313.74,2025,12,4,1068
2025-12-05,7595.27,4984.77,2610.5,2025,12,5,1069
2025-12-06,7421.28,4770.9,2650.38,2025,12,6,1070
2025-12-07,7541.44,4754.75,2786.69,2025,12,7,1071
2025-12-08,7405.13,5289.26,2115.87,2025,12,8,1072
2025-12-09,7002.67,4607.62,2395.04,2025,12,9,1073
2025-12-10,7713.66,5219.77,2493.89,2025,12,10,1074
2025-12-11,7314.66,4928.97,2385.68,2025,12,11,1075
2025-12-12,7062.73,4849.21,2213.52,2025,12,12,1076
2025-12-13,7484.44,5462.42,2022.02,2025,12,13,1077
2025-12-14,8159.11,6095.76,2063.35,2025,12,14,1078
2025-12-15,8068.84,5334.62,2734.23,2025,12,15,1079
2025-12-16,7818.62,5661.68,2156.94,2025,12,16,1080
2025-12-17,7927.88,5665.89,2261.99,2025,12,17,1081
2025-12-18,8041.06,5516.41,2524.66,2025,12,18,1082
2025-12-19,8856.59,6584.05,2272.54,2025,12,19,1083
2025-12-20,8431.31,5312.32,3118.98,2025,12,20,1084
2025-12-21,8512.67,5247.12,3265.55,2025,12,21,1085
2025-12-22,8740.74,6364.08,2376.66,2025,12,22,1086
2025-12-23,8530.51,5680.23,2850.28,2025,12,23,1087
2025-12-24,8386.64,6097.47,2289.17,2025,12,24,1088
2025-12-25,8389.2,6157.37,2231.83,2025,12,25,1089
2025-12-26,8389.59,5112.36,3277.24,2025,12,26,1090
2025-12-27,8343.95,6112.11,2231.84,2025,12,27,1091
2025-12-28,8501.21,5672.42,2828.8,2025,12,28,1092
2025-12-29,8213.47,5556.94,2656.52,2025,12,29,1093
2025-12-30,8323.75,5776.59,2547.16,2025,12,30,1094
